id,name,org,url,focus,levels,mode,location_label,lat,lon,availability,paid,cost,stipend,deadline,selectivity,isDirectory,multiSite,verified,confidence,notes
perimeter-issyp,International Summer School for Young Physicists (ISSYP),Perimeter Institute,https://perimeterinstitute.ca/issyp,physics,hs-11;hs-12,in-person,"Waterloo, ON",43.4643,-80.5204,summer,TRUE,0,,,very-high,FALSE,FALSE,FALSE,high,"Confirmed via search: research-focused theoretical physics program for HS students. Grade eligibility (11-12) is my best estimate, not directly confirmed - CHECK official page. Stipend/cost not confirmed."
sanofi-biogenius-canada,Sanofi Biogenius Canada,Sanofi Biogenius Canada,,biology;chemistry,hs-10;hs-11;hs-12,in-person,Canada (regional then national),,,summer,FALSE,,,,high,FALSE,TRUE,FALSE,medium,"Real national biotech research competition - students do ~4 months of mentored research then present regionally/nationally. Found via Wikipedia, not their own site - DO NOT USE ANY URL UNTIL THE OFFICIAL DOMAIN IS CONFIRMED. Grade range is an estimate."
deep-summer-academy-uoft,DEEP Summer Academy,University of Toronto (Engineering Outreach),https://outreach.engineering.utoronto.ca/pre-university-programs/high-school-program/deep/,engineering;computer-science,hs-9;hs-10;hs-11;hs-12,in-person,"Toronto, ON",43.6629,-79.3957,summer,FALSE,,,,high,FALSE,FALSE,FALSE,high,"Confirmed via search incl. official URL. This is enrichment coursework (advanced classes taught by grad students), NOT independent research - flag if you want research-only entries. Cost not confirmed (likely paid by student/family, need to check)."
nserc-usra,NSERC Undergraduate Student Research Awards (USRA),Natural Sciences and Engineering Research Council of Canada,https://www.nserc-crsng.gc.ca/students-etudiants/ug-pc/usra-brpc_eng.asp,biology;chemistry;computer-science;physics;neuroscience,ugrad-1;ugrad-2;ugrad-3;ugrad-4,in-person,Canada (via host university/professor),,,summer,TRUE,0,7500,,medium,TRUE,FALSE,FALSE,high,"Confirmed via search: $6000 NSERC + $1500 min top-up = $7500 total, 16 weeks May-Sept. Canadian citizen/PR required. isDirectory=true because students apply through an individual professor/university, not one central application. levels: excludes first-year (2+ terms completed required) - ugrad-1 kept in for now since some students start research awards early in year 2, VERIFY this cutoff before shipping."
ubc-sure,Science Undergraduate Research Experience (SURE) Awards,University of British Columbia,https://science.ubc.ca/students/undergrad-research/sure,biology;chemistry;computer-science;physics,ugrad-1;ugrad-2;ugrad-3;ugrad-4,in-person,"Vancouver, BC",49.2606,-123.2460,summer,TRUE,,3500,,medium,FALSE,FALSE,FALSE,high,"Confirmed via search incl. official URL. 8+ weeks, up to $3500, open to domestic AND international BSc/BCS students at UBC Vancouver campus. Must reside in BC during award."
mcgill-sura,Science Undergraduate Research Awards (SURA),McGill University,https://www.mcgill.ca/science/research/undergraduate-research/sura,biology;chemistry;computer-science;physics;neuroscience,ugrad-1;ugrad-2;ugrad-3;ugrad-4,in-person,"Montreal, QC",45.5048,-73.5772,summer,TRUE,,9050,,medium,FALSE,FALSE,FALSE,high,"Confirmed via search incl. official URL. 15 weeks full-time, $9050 stipend (2026 figure), open to Canadian AND international McGill students - broader eligibility than NSERC USRA."
waterloo-ura-cs,Undergraduate Research Assistantship (URA) - Computer Science,University of Waterloo (Cheriton School of CS),https://cs.uwaterloo.ca/current-undergraduate-students/research-opportunities/ura,computer-science,ugrad-2;ugrad-3;ugrad-4,in-person,"Waterloo, ON",43.4723,-80.5449,year-round,TRUE,,,,medium,FALSE,FALSE,FALSE,medium,"Confirmed via search incl. official URL. 10 weeks, PART-TIME during a study term (not summer-only like the others) - availability set to year-round to reflect this, VERIFY this modeling choice. Stipend amount not confirmed. Requires faculty supervisor + GPA threshold that varies by department - this record is CS-specific; Engineering has its own URA with different eligibility (80% GPA, specific terms) that should probably be a SEPARATE row."
mitacs-globalink-research-intern,Mitacs Globalink Research Internship,Mitacs,https://www.mitacs.ca/our-programs/globalink-research-internship/,biology;chemistry;computer-science;physics;neuroscience;engineering,ugrad-2;ugrad-3;ugrad-4,in-person,Canada (70+ institutions),,,summer,TRUE,,,2026-09-16,medium,TRUE,FALSE,FALSE,high,"IMPORTANT: confirmed via search this is for INTERNATIONAL students only (eligible countries incl. Brazil, China, France, Germany, Mexico, UK, US, etc.) - NOT open to Canadian citizens/PRs applying as Canadians. Only include this if Researchly matches US/international students to Canadian programs; exclude or heavily flag if the Canada batch is meant for Canadian users only. 12-week internship, deadline shown is for the 2027 cycle (Sept 16 2026) per search result - re-verify before using."
shad-canada,Shad Canada,Shad Canada,https://www.shad.ca/,computer-science;engineering;biology;chemistry,hs-10;hs-11,in-person,Canadian university campuses (multiple),,,summer,FALSE,,,,very-high,FALSE,TRUE,FALSE,medium,"Well-known program, but URL not directly confirmed in this session's searches (shad.ca is my best-confidence recall, not a clicked/verified source this round) - CONFIRM before shipping. STEAM + entrepreneurship challenge, not pure research - similar caveat to DEEP. Highly selective, month-long, residential."
ims-surp,Summer Undergraduate Research Program (SURP),University of Toronto - Institute of Medical Science,https://ims.utoronto.ca/programs/summer-undergraduate/,pre-med;biology,ugrad-1;ugrad-2;ugrad-3;ugrad-4,in-person,"Toronto, ON",43.6598,-79.3958,summer,TRUE,0,,,high,FALSE,FALSE,FALSE,high,"Confirmed via official page: 3 months (June-Aug), 40+ year history, projects span molecular biology to clinical investigation/bioethics. Stipend amount not confirmed; paid=TRUE is inferred from how U of T biomedical summer programs are typically funded (NSERC/CIHR USRA), not a directly confirmed fact - VERIFY."
ubc-fom-ssrp,Faculty of Medicine Summer Student Research Program (FoM SSRP),University of British Columbia - Faculty of Medicine,https://www.med.ubc.ca/current-learners/summer-student-research-program/,pre-med;biology;neuroscience,ugrad-1;ugrad-2;ugrad-3;ugrad-4,in-person,"Vancouver, BC",49.2606,-123.2460,summer,TRUE,,,,high,FALSE,FALSE,FALSE,high,"Confirmed via official page. Unusual application model: student + supervisor apply together as a team - flag this in the interview/apply-flow copy. Hard eligibility rule: non-MD UBC-registered undergrads plus MD students yr1/3 only; dentistry, nursing, and non-UBC students explicitly excluded. Stipend amount not confirmed."
calgary-chi-summer-studentship,Centre for Health Informatics (CHI) Summer Studentship Program,University of Calgary,,pre-med,hs-11;hs-12;ugrad-1;ugrad-2;ugrad-3;ugrad-4,in-person,"Calgary, AB",51.0447,-114.0719,summer,TRUE,,,,medium,FALSE,FALSE,FALSE,medium,"Sourced from two independent blog summaries plus a search snippet, all consistent (8-week or 4-month full-time, HS through grad-level eligible, must identify own faculty supervisor). NO official ucalgary.ca URL confirmed this session - do not publish url as blank forever, find the real page first."
sickkids-ssure,SickKids Summer Research (SSuRe) Program,Hospital for Sick Children (SickKids),https://www.sickkids.ca/en/research/research-training-centre/summer-research-program/,pre-med;biology,hs-12;ugrad-1,in-person,"Toronto, ON",43.6598,-79.3958,summer,TRUE,,,,high,FALSE,FALSE,FALSE,high,"Confirmed via official page: 15 weeks (early May-mid Aug), paid minimum wage + 6% vacation pay per a secondary source. Eligibility intentionally straddles final-year HS students entering university in the fall AND early undergrads - hence levels hs-12+ugrad-1, not a typo."
sickkids-star,Students Advancing Research (StAR) Program,Hospital for Sick Children (SickKids),https://www.sickkids.ca/en/research/research-training-centre/,pre-med;biology,hs-11;hs-12,in-person,"Toronto, ON",43.6598,-79.3958,summer,TRUE,,,,high,FALSE,FALSE,FALSE,medium,"6-week paid research internship specifically for Indigenous, Black, and Filipino high school students (Grades 11-12, age 16+, Canadian citizen/PR, prior Grade 10 Science) - model this equity-targeted eligibility carefully, don't just tag as generic HS. The dedicated program URL was not independently confirmed this session (only the general Research Training Centre domain); verify the exact page before publishing."
sickkids-genetics-studentship,Clinical Genetics/Genomics Research Studentship,Hospital for Sick Children (SickKids),http://www.sickkids.ca/CGenetics/index.html,pre-med;biology,ugrad-1;ugrad-2;ugrad-3;ugrad-4,in-person,"Toronto, ON",43.6598,-79.3958,summer,TRUE,,,,high,FALSE,FALSE,FALSE,medium,"12-week studentship, 1st-4th year undergrad (also open to med students, not captured by our levels enum). URL is an old-format legacy sickkids.ca link - confirm it still resolves before publishing. Originally corporate co-sponsored ('Starbucks' in the title) - verify current sponsor/name."
sunnybrook-sri-summer,SRI Summer Student Research Program,Sunnybrook Research Institute,https://research.sunnybrook.ca/careers-and-students/summer-students/summer-student-research-program/,pre-med;biology,ugrad-1;ugrad-2;ugrad-3;ugrad-4,in-person,"Toronto, ON",43.7230,-79.3762,summer,TRUE,,,,high,FALSE,FALSE,FALSE,high,"Confirmed via official page: runs May-late Aug, ends with a poster competition in mid-Aug. Stipend amount and exact deadline not confirmed. Coordinates are Sunnybrook's actual North York campus, not downtown Toronto."
sunnybrook-hurvitz-brain,Hurvitz Brain Sciences Summer Student Research Program,Sunnybrook Research Institute,https://research.sunnybrook.ca/careers-and-students/summer-students/hurvitz-brain-sciences-summer-student-research-program/,neuroscience;pre-med,ugrad-1;ugrad-2;ugrad-3;ugrad-4,in-person,"Toronto, ON",43.7230,-79.3762,summer,TRUE,,,,high,FALSE,FALSE,FALSE,high,"Confirmed via official page. Minimum 12-week placement, funding provided to the principal investigator. Deadline found ('March 27') had no year attached in the source - likely an annually recurring cutoff, re-verify the exact 2026/2027 date before publishing."
sunnybrook-focused-ultrasound-hs,Focused Ultrasound High School Summer Research Program,Sunnybrook Research Institute,https://research.sunnybrook.ca/careers-and-students/summer-students/focused-ultrasound-high-school-summer-research-program/,pre-med;physics;biology,hs-10;hs-11;hs-12,in-person,"Toronto, ON",43.7230,-79.3762,summer,TRUE,,,2026-02-20,high,FALSE,FALSE,FALSE,high,"Fully confirmed via official page: age 16+ by July 1 2026, runs July-Aug 2026, deadline Feb 20 2026 4pm EST, paid position. A genuinely rare thing - real bench/engineering research (not shadowing) open to high schoolers, with physics/engineering/biology crossover. Good flagship HS entry."
unity-health-krss,Keenan Research Summer Student (KRSS) Program,Unity Health Toronto (St. Michael's Hospital),https://research.unityhealth.to/trainees/future-trainees/undergraduate/,pre-med;biology,ugrad-1;ugrad-2;ugrad-3;ugrad-4,in-person,"Toronto, ON",43.6551,-79.3789,summer,TRUE,,,,high,FALSE,FALSE,FALSE,high,"Confirmed via official page, independently corroborated via the U of T affiliated-hospitals hub page (formerly branded 'St. Michael's KRSS'). Also open to medical students, not captured by our levels enum. Stipend/deadline not confirmed."
mount-sinai-ltri-summer,Summer Research Program,Lunenfeld-Tanenbaum Research Institute (Mount Sinai Hospital),http://research.lunenfeld.ca/rtc/?page=Summer%20Research%20Program,pre-med;biology,ugrad-2;ugrad-3;ugrad-4,in-person,"Toronto, ON",43.6577,-79.3900,summer,TRUE,,,,medium,FALSE,FALSE,FALSE,medium,"Sourced only from the U of T affiliated-hospitals hub page: minimum 2nd year completed, 3 months full-time (37.5 hrs/week). URL uses an old query-string format typical of a legacy site - confirm it still resolves, or find the institute's current URL, before publishing."
princess-margaret-summer,Summer Student Research Programs,Princess Margaret Cancer Centre (University Health Network),,pre-med;biology,ugrad-1;ugrad-2;ugrad-3;ugrad-4,in-person,"Toronto, ON",43.6577,-79.3900,summer,TRUE,,,,high,FALSE,FALSE,FALSE,low,"Sourced only from the U of T affiliated-hospitals hub page, which listed a UHN URL in an old path format very likely dead after UHN's site redesign. Real, well-known cancer research centre, but this row NEEDS a fresh URL lookup before it's usable - do not publish without one."
womens-college-summer-program,Health Student Experience Summer Program,Women's College Hospital,,pre-med,ugrad-1;ugrad-2;ugrad-3;ugrad-4,in-person,"Toronto, ON",43.6629,-79.3897,summer,TRUE,,,,medium,FALSE,FALSE,FALSE,low,"Sourced only from the U of T affiliated-hospitals hub page. My attempt to find a current URL failed this session (womensresearch.ca redirected to womensacademics.ca, then 404'd on the specific page). Same hospital also runs 'Emily Stowe Scholars' (separate HS-level row below) - these may be the same program under two names, RECONCILE before publishing both."
toronto-rehab-placements,Student Placements,Toronto Rehabilitation Institute (University Health Network),,pre-med,ugrad-1;ugrad-2;ugrad-3;ugrad-4,in-person,"Toronto, ON",43.6606,-79.3877,summer,FALSE,,,,medium,FALSE,FALSE,FALSE,low,"Weakest-sourced row in this batch - only a title and a likely-dead UHN URL from the U of T hub page, no independently confirmed stipend/duration/deadline. Treat as a placeholder to re-research rather than ready-to-publish; consider dropping if a real page can't be found."
baycrest-summer-student,Summer Student Programs,Baycrest Research Training Centre,https://www.baycrest.org/Baycrest/Research-Innovation/People/Students-Trainees/Summer-Student-Programs,neuroscience;pre-med,ugrad-1;ugrad-2;ugrad-3;ugrad-4,in-person,"Toronto, ON",43.7284,-79.4187,summer,TRUE,,,,medium,FALSE,FALSE,FALSE,medium,"Aging/brain-health research institute affiliated with U of T - strong neuroscience+pre-med crossover fit. URL is an old capitalized-path format - confirm it still resolves before publishing."
bloorview-summer-placement,Undergraduate Summer Work Placement,Holland Bloorview Kids Rehabilitation Hospital (Bloorview Research Institute),https://hollandbloorview.ca/undergraduate-summer-work-placement,pre-med;biology,ugrad-1;ugrad-2;ugrad-3;ugrad-4,in-person,"Toronto, ON",43.7327,-79.3782,summer,TRUE,,,,medium,FALSE,FALSE,FALSE,medium,"Current-format confirmed URL (more trustworthy than most rows in this batch). Pediatric rehabilitation research. Deadline found (Jan 31) was attached to an old year in the source - re-verify current cycle's date."
banting-best-hollenberg-studentship,Charles Hollenberg Summer Studentship Program,Banting and Best Diabetes Centre (University of Toronto),https://bbdc.org/funding/funding-opportunities/charles-hollenberg-summer-studentship-program/,pre-med;biology,ugrad-1;ugrad-2;ugrad-3;ugrad-4,in-person,"Toronto, ON",43.6598,-79.3958,summer,TRUE,,,,high,FALSE,FALSE,FALSE,high,"Confirmed via current official page. Minimum 12 weeks (May 1-Aug 31), 14 studentships/year, undergrad + med students eligible. Diabetes-specific - a genuine disease-focused entry rather than a generic biomedical one. Stipend amount not confirmed."
cfid-summer-research-award,Undergraduate Summer Research Award,Canadian Foundation for Infectious Diseases,,pre-med;biology,ugrad-1;ugrad-2;ugrad-3;ugrad-4,in-person,,,,summer,TRUE,,5000,,medium,TRUE,FALSE,FALSE,medium,"$5,000 stipend, 12-13 weeks. Source URL found was a third-party grants aggregator, not CFID's own domain - find and substitute CFID's real site before publishing. isDirectory=true: like NSERC/CIHR USRAs, the student secures their own supervisor/lab rather than being placed at one site."
liver-foundation-studentship,Summer Studentship Program,Canadian Liver Foundation,https://www.liver.ca/professionals/researchers/,pre-med;biology,ugrad-1;ugrad-2;ugrad-3;ugrad-4,in-person,,,,summer,TRUE,,3500,,medium,TRUE,FALSE,FALSE,medium,"$3,500 stipend + $500 supplies allowance, up to 6 awarded per year - but the source specified these are 'up to 6 available IN ONTARIO', so despite the national-sounding foundation name this may be Ontario-only. VERIFY geographic scope before presenting to non-Ontario students. isDirectory=true, same funding model as the CFID row above."
canheart-spor-studentship,CANHEART SPOR Summer Studentship Award,CANHEART / Institute for Clinical Evaluative Sciences (ICES),https://www.canheart.ca/students/canheart-spor-summer-studentship-award/,pre-med;biology,ugrad-1;ugrad-2;ugrad-3;ugrad-4,in-person,"Toronto, ON",43.6598,-79.3958,summer,TRUE,,,,medium,FALSE,FALSE,FALSE,medium,"Confirmed URL. Explicitly open to 'health sciences, epidemiology, biostatistics, public health students, medical students' - strong fit for the public-health/data-research slice of this cluster specifically (cardiovascular data research, not wet-lab). Stipend amount not confirmed."
donnelly-centre-surp,Donnelly Centre Summer Undergraduate Research Program,Donnelly Centre for Cellular and Biomolecular Research (University of Toronto),http://www.thedonnellycentre.utoronto.ca/donnelly-centre-summer-undergraduate-research-program,pre-med;biology,ugrad-1;ugrad-2;ugrad-3;ugrad-4,in-person,"Toronto, ON",43.6598,-79.3958,summer,TRUE,,,,medium,FALSE,FALSE,FALSE,medium,"Sourced from the U of T summer-programs hub page only; old-format URL, no stipend/duration/deadline confirmed independently. This and the following 8 U of T department rows are the thinnest-sourced in the batch - same caveat applies to all of them, noted once here rather than repeated on each."
biochemistry-summer-utoronto,Biochemistry Summer Student Program,Department of Biochemistry - University of Toronto,http://biochemistry.utoronto.ca/undergraduate-program/summer-students/,pre-med;biology,ugrad-1;ugrad-2;ugrad-3;ugrad-4,in-person,"Toronto, ON",43.6598,-79.3958,summer,TRUE,,,,medium,FALSE,FALSE,FALSE,medium,"Same U of T department-program sourcing caveat as donnelly-centre-surp above."
immunology-summer-utoronto,Immunology Summer Research Program,Department of Immunology - University of Toronto,http://www.immunology.utoronto.ca/immunology-summer-research-opportunity,pre-med;biology,ugrad-1;ugrad-2;ugrad-3;ugrad-4,in-person,"Toronto, ON",43.6598,-79.3958,summer,TRUE,,,,medium,FALSE,FALSE,FALSE,medium,"Same U of T department-program sourcing caveat as donnelly-centre-surp above."
lmp-sure-utoronto,LMP Summer Undergraduate Research Experience (SURE) Program,Department of Laboratory Medicine & Pathobiology - University of Toronto,http://www.lmp.utoronto.ca/undergraduate/lmp-summer-undergraduate-research-experience-program-sure,pre-med;biology,ugrad-1;ugrad-2;ugrad-3;ugrad-4,in-person,"Toronto, ON",43.6598,-79.3958,summer,TRUE,,,,medium,FALSE,FALSE,FALSE,medium,"Same U of T department-program sourcing caveat as donnelly-centre-surp above."
medbio-summer-utoronto,Medical Biophysics Summer Student Program,Department of Medical Biophysics - University of Toronto,http://medbio.utoronto.ca/content/summer-student-program-overview-and-faq,pre-med;biology,ugrad-1;ugrad-2;ugrad-3,in-person,"Toronto, ON",43.6598,-79.3958,summer,TRUE,,,,medium,FALSE,FALSE,FALSE,medium,"12-week program specifically for 1st-3rd year undergrads (excludes 4th year, unlike most peers in this batch). Deadline found (Jan 23) was tagged to 2023 in the source - stale, re-verify current cycle."
molgen-summer-utoronto,Molecular Genetics Summer Research Program,Department of Molecular Genetics - University of Toronto,http://www.moleculargenetics.utoronto.ca/summer-research-program,pre-med;biology,ugrad-1;ugrad-2;ugrad-3;ugrad-4,in-person,"Toronto, ON",43.6598,-79.3958,summer,TRUE,,,,medium,FALSE,FALSE,FALSE,medium,"Same U of T department-program sourcing caveat as donnelly-centre-surp above."
nutrisci-summer-utoronto,Nutritional Sciences Summer Research Program,Department of Nutritional Sciences - University of Toronto,https://nutrisci.med.utoronto.ca/summer-research-opportunities,pre-med;biology,ugrad-1;ugrad-2;ugrad-3;ugrad-4,in-person,"Toronto, ON",43.6598,-79.3958,summer,TRUE,,,,medium,FALSE,FALSE,FALSE,medium,"URL is current-format (https, no legacy path) - slightly more trustworthy than the other U of T department rows, but stipend/duration/deadline still not independently confirmed."
pharmtox-summer-utoronto,Pharmacology & Toxicology Summer Program,Department of Pharmacology & Toxicology - University of Toronto,http://www.pharmtox.utoronto.ca/undergraduate-awards-and-student-research-opportunities,pre-med;biology,ugrad-1;ugrad-2;ugrad-3;ugrad-4,in-person,"Toronto, ON",43.6598,-79.3958,summer,TRUE,,,,medium,FALSE,FALSE,FALSE,medium,"Same U of T department-program sourcing caveat as donnelly-centre-surp above."
physiology-summer-utoronto,Physiology Undergraduate Research Awards,Department of Physiology - University of Toronto,http://www.physiology.utoronto.ca/undergraduate-awards,pre-med;biology,ugrad-1;ugrad-2;ugrad-3;ugrad-4,in-person,"Toronto, ON",43.6598,-79.3958,summer,TRUE,,,,medium,FALSE,FALSE,FALSE,medium,"Same U of T department-program sourcing caveat as donnelly-centre-surp above."
obgyn-summer-utoronto,Chair's Summer Student Program,Department of Obstetrics & Gynaecology - University of Toronto,http://www.obgyn.utoronto.ca/department-obstetrics-and-gynaecology-chairs-summer-student-program,pre-med;biology,ugrad-1;ugrad-2;ugrad-3;ugrad-4,in-person,"Toronto, ON",43.6598,-79.3958,summer,TRUE,,,,medium,FALSE,FALSE,FALSE,medium,"Same U of T department-program sourcing caveat as donnelly-centre-surp above. Last of the U of T department-level rows in this batch."
ibbme-bootcamp-utoronto,Undergraduate Summer Bootcamp,Institute of Biomaterials & Biomedical Engineering (IBBME) - University of Toronto,https://ibbme.utoronto.ca/prospective-students/undergraduate-bootcamp/,pre-med;engineering,ugrad-1;ugrad-2;ugrad-3;ugrad-4,in-person,"Toronto, ON",43.6598,-79.3958,summer,FALSE,,,,medium,FALSE,FALSE,FALSE,medium,"Titled a 'bootcamp' rather than a research placement - likely enrichment/skills coursework, NOT independent research like the rest of this batch. Same flag as DEEP Summer Academy elsewhere in the dataset. Confirm structure before publishing as a 'research opportunity.'"
xavier-pelletier-bccancer,Xavier Pelletier High School Internship Program,BC Cancer Research Centre,,pre-med;biology,hs-11,in-person,"Vancouver, BC",49.2606,-123.2460,summer,TRUE,,3000,,high,FALSE,FALSE,FALSE,medium,"Sourced from a third-party 'best programs' blog roundup only, not confirmed on an official BC Cancer page this session. Grade 11 students, nominated from Vancouver Island schools specifically, 8 weeks, $3,000 CAD completion bursary. WHERE the internship physically happens (Victoria vs. Vancouver) is unclear from the source - lat/lon here is a placeholder (BC Cancer's Vancouver HQ), not confirmed as the actual site. Needs official-source verification before publishing."
hyrs-ualberta,High School Youth Researcher Summer (HYRS) Program,University of Alberta,,pre-med;biology,hs-11,in-person,"Edmonton, AB",53.5232,-113.5263,summer,TRUE,,,,medium,FALSE,FALSE,FALSE,medium,"Sourced from two independent third-party blog roundups with consistent details (Grade 11 only, 'north of Red Deer' geographic restriction per one source, specific science-course prerequisites, paid ~$15/hr for 30-35 hrs/week, 4-6 weeks) - consistent enough to trust the program's shape, but NO official University of Alberta URL confirmed this session. The geographic restriction is unusual - re-verify exactly who's eligible before publishing."
emily-stowe-scholars,Emily Stowe Scholars Program,Women's College Hospital,,pre-med,hs-11;hs-12,in-person,"Toronto, ON",43.6629,-79.3897,summer,TRUE,,,,medium,FALSE,FALSE,FALSE,medium,"Health-sciences research program for Grades 11-12 self-identified underrepresented students, requires prior Grade 11/12 Biology and Chemistry, paid stipend (amount unspecified in sources). Only sourced via third-party blog roundups; my attempt to find Women's College Hospital's own page 404'd this session. May be the same hospital's program as 'Health Student Experience Summer Program' elsewhere in this batch - RECONCILE before publishing both."
dlsph-outreach-access,Outreach and Access Program,Dalla Lana School of Public Health - University of Toronto,https://www.dlsph.utoronto.ca/programs/outreach-access-program/,pre-med,hs-9;hs-10;hs-11;hs-12,in-person,"Toronto, ON",43.6598,-79.3958,year-round,TRUE,,,,medium,FALSE,FALSE,FALSE,high,"Confirmed URL. Multi-year mentoring/pipeline program for Black, Indigenous, and other underrepresented youth (semester program + summer institute + scholarship track), NOT hands-on lab research - flag as public-health career exposure rather than 'research', similar to the DEEP/IBBME enrichment caveats above. The only entry in this whole Canada dataset tagged specifically to public health."
cihr-usra,CIHR Undergraduate Student Research Award (USRA),Canadian Institutes of Health Research,https://undergraduateresearch.utoronto.ca/research_opps/canadian-institutes-of-health-research-cihr-undergraduate-student-research-award/,pre-med;biology;neuroscience,ugrad-1;ugrad-2;ugrad-3;ugrad-4,in-person,,,,summer,TRUE,,5000,,medium,TRUE,FALSE,FALSE,high,"National award, same funding model as NSERC USRA already in this dataset, but explicitly for health-sciences research (NSERC USRA is natural-sciences/engineering only and explicitly excludes MD/DDS/BScN candidates). $1,250/month x4 = $5,000 minimum, plus supervisor must secure 25%+ more from other sources. Applied for through the student's home university (each institution gets its own allocation) - hence isDirectory=true. URL used here is U of T's description page, not the national CIHR page - substitute the real cihr-irsc.gc.ca program page before publishing."
ohri-training,Summer Student Program,Ottawa Hospital Research Institute,https://ohri.ca/en/join-us/training,pre-med;biology,hs-11;hs-12;ugrad-1;ugrad-2;ugrad-3;ugrad-4,in-person,"Ottawa, ON",45.4215,-75.6972,summer,TRUE,,,,medium,TRUE,FALSE,FALSE,medium,"Confirmed via official page that this spans 'high school students to newly graduated bachelor's students and medical students', with prizes for best presentations in a weekly seminar series. Informal, contact-a-researcher-directly application model with no single centralized deadline - hence isDirectory=true; present as 'browse researchers, reach out directly' rather than 'apply here.'"
bcchr-rising-scholars,Rising Scholars Undergraduate Summer Studentship,BC Children's Hospital Research Institute,https://www.bcchr.ca/rising-scholars,pre-med;biology,ugrad-1;ugrad-2;ugrad-3;ugrad-4,in-person,"Vancouver, BC",49.2412,-123.1220,summer,TRUE,,,,high,FALSE,FALSE,FALSE,high,"Confirmed via official page: 8-week studentship, runs June 1-July 31 2026, salary stipend plus travel/living support in Vancouver. IMPORTANT: source noted the 2026 application deadline has already passed - this row describes the program's shape for the next (2027) cycle, not a currently open application."
bcchr-summer-studentship,Summer Studentship (general),BC Children's Hospital Research Institute,https://www.bcchr.ca/our-programs/summer-studentship/,pre-med;biology,hs-11;hs-12;ugrad-1;ugrad-2;ugrad-3;ugrad-4,in-person,"Vancouver, BC",49.2412,-123.1220,summer,TRUE,,,,high,FALSE,FALSE,FALSE,medium,"A 2026 application-guidelines PDF exists for this program, separate from Rising Scholars above - suggesting BCCHR runs multiple named summer studentship tracks that may overlap. RECONCILE against bcchr-rising-scholars before publishing both; they may need to be merged into one row with two tiers, or kept distinct if eligibility truly differs. Levels shown here are a broad placeholder pending that reconciliation."
seed2stem-icord-ubc,seed2STEM,ICORD (International Collaboration on Repair Discoveries) - University of British Columbia,https://icord.org/seed2stem/,pre-med;biology;neuroscience,hs-9;hs-10;hs-11;hs-12,in-person,"Metro Vancouver & Kelowna, BC",,,summer,TRUE,,,,medium,FALSE,TRUE,FALSE,high,"Fully confirmed via official ICORD page - the best-sourced HS-level row in this batch. Specifically for Indigenous high school students (Grades 9-12) from Metro Vancouver AND Kelowna (hence multiSite=true), includes wraparound supports (transit passes, laptops, meals, travel bursaries), and lets alumni return for a paid 4-month research assistantship. Program spans neuroscience/engineering/chemistry/biology/math/physics - tagged to this cluster's closest fit, but genuinely broader than pre-med/biology alone. Next cycle (Summer 2027) opens December 2026, not currently open."
